UniprotId,PTMaa,PTMpos,PTMs,Metadata
Q8R3W2,S,119,Phosphorylation,https://www.phosphosite.org/siteAction.action?id=1868286064
Q9CTA4,S,10,Phosphorylation,https://www.phosphosite.org/siteAction.action?id=7231582
Q9CTA4,T,11,Phosphorylation,https://www.phosphosite.org/siteAction.action?id=7231584
P35213,K,5,Acetylation,https://www.phosphosite.org/siteAction.action?id=33347662
P35213,K,11,Acetylation,https://www.phosphosite.org/siteAction.action?id=36313496
P35213,K,13,Acetylation,https://www.phosphosite.org/siteAction.action?id=36297549
P35213,K,51,Acetylation,https://www.phosphosite.org/siteAction.action?id=474928
P35213,K,70,Acetylation,https://www.phosphosite.org/siteAction.action?id=461820
P35213,K,122,Acetylation,https://www.phosphosite.org/siteAction.action?id=3649440
P35213,K,124,Acetylation,https://www.phosphosite.org/siteAction.action?id=36310870
P35213,K,159,Acetylation,https://www.phosphosite.org/siteAction.action?id=12423075
P35213,K,11,Ubiquitination,https://www.phosphosite.org/siteAction.action?id=4953848
P35213,K,13,Ubiquitination,https://www.phosphosite.org/siteAction.action?id=3934070
P35213,K,29,Ubiquitination,https://www.phosphosite.org/siteAction.action?id=3884578
P35213,K,51,Ubiquitination,https://www.phosphosite.org/siteAction.action?id=3883233
P35213,K,70,Ubiquitination,https://www.phosphosite.org/siteAction.action?id=3886161
P35213,K,122,Ubiquitination,https://www.phosphosite.org/siteAction.action?id=3883237
P35213,K,140,Ubiquitination,https://www.phosphosite.org/siteAction.action?id=3934077
P35213,Y,21,Phosphorylation,https://www.phosphosite.org/siteAction.action?id=3426384
P35213,S,47,Phosphorylation,https://www.phosphosite.org/siteAction.action?id=4773272
P35213,S,60,Phosphorylation,https://www.phosphosite.org/siteAction.action?id=450227
P35213,S,65,Phosphorylation,https://www.phosphosite.org/siteAction.action?id=467270
P35213,S,132,Phosphorylation,https://www.phosphosite.org/siteAction.action?id=3136106
P35213,T,143,Phosphorylation,https://www.phosphosite.org/siteAction.action?id=3136107
P35213,S,186,Phosphorylation,https://www.phosphosite.org/siteAction.action?id=449846
